{
   "targets": ["minecraft:air"],
   "particle_emitters": [
     {
       "particle": "extra:rain",
       "chance":"max(0,min(1,(((DAY_TIME%24000>=22500)*(DAY_TIME%24000<24000)*0.600)+((DAY_TIME%24000>=0)*(DAY_TIME%24000<=5000)*0.350)+((DAY_TIME%24000>5000)*(DAY_TIME%24000<=10000)*0.800)+((DAY_TIME%24000>10000)*(DAY_TIME%24000<=12700)*0.120)+((DAY_TIME%24000>12700)*(DAY_TIME%24000<=13800)*0.050)+((DAY_TIME%24000>13800)*(DAY_TIME%24000<22500)*0.800)) * (RAIN>0) + (RAIN>0.7)*0.108))",
       "x": "gaussian()*5", 
       "z": "gaussian()*5",
       "y": "15",
       "biomes": ["minecraft:plains",
                "minecraft:windswept_hills",
		            "minecraft:windswept_forest",
		            "minecraft:windswept_gravelly_hills",
		            "minecraft:stony_shore",
		            "minecraft:river",
		            "minecraft:beach",
                "minecraft:birch_forest",
		            "minecraft:sunflower_plains",
            		"minecraft:flower_forest",
            		"minecraft:old_growth_birch_forest",
	            	"minecraft:meadow",
            		"minecraft:forest",
                "minecraft:cherry_grove",
                "minecraft:cold_ocean",
	            	"minecraft:deep_cold_ocean",
                "minecraft:dark_forest",
                "minecraft:jungle",
            		"minecraft:sparse_jungle",
            		"minecraft:bamboo_jungle",
                "minecraft:mangrove_swamp",
                "minecraft:mushroom_fields",
                "minecraft:ocean",
	            	"minecraft:deep_ocean",
                "minecraft:pale_garden",
                "minecraft:swamp",
                "minecraft:taiga",
	            	"minecraft:old_growth_pine_taiga",
            	  "minecraft:old_growth_spruce_taiga",
                "minecraft:warm_ocean",
	            	"minecraft:lukewarm_ocean",
	            	"minecraft:deep_lukewarm_ocean"
  ]
     }
     ]
}