{"parent":"item/generated","overrides":[{"model":"born_in_chaos_v1:item/elixirof_wither_resistance_0","predicate":{"eatinganimation:eat":0.27,"eatinganimation:eating":1}},{"model":"born_in_chaos_v1:item/elixirof_wither_resistance_1","predicate":{"eatinganimation:eat":0.6,"eatinganimation:eating":1}},{"model":"born_in_chaos_v1:item/elixirof_wither_resistance_2","predicate":{"eatinganimation:eat":0.8,"eatinganimation:eating":1}}],"textures":{"layer0":"born_in_chaos_v1:item/elixirofwitherresistance"}}