{
  "textures": {
    "particle": "block/cobblestone",
    "headstone": "block/cobblestone",
    "trim": "block/stone"
  },
  "elements": [
    {
      "name": "headstone",
      "from": [1, 0, 1],
      "to": [15, 1, 15],
      "faces": {
        "north": {"uv": [0, 0, 14, 1], "texture": "#trim"},
        "east": {"uv": [0, 0, 14, 1], "texture": "#trim"},
        "south": {"uv": [0, 0, 14, 1], "texture": "#trim"},
        "west": {"uv": [0, 0, 14, 1], "texture": "#trim"},
        "up": {"uv": [0, 0, 14, 14], "texture": "#trim"},
        "down": {"uv": [0, 0, 14, 14], "texture": "#trim"}
      }
    }
  ]
}
