{
  "initializer": {
    "lifetime": "80",
    "alpha": "0.08 + (RAIN > 0.80) * 0.06",
    "size": "10",
    "roll": "0"
  },
  "ticker": {
    "size": "10 * (1 + 0.01 * AGE)",
    "dx": "RAIN * (0.4405 * RAIN * sin(0.01 * TIME) - 0.099) * (1 + 1.0 * (RAIN > 0.80)) * 0.5 + 0.20 * sin(0.02 * TIME) * (1 + 0.5 * sin(0.12 * AGE))",
    "dy": "-0.45",
    "dz": "(0.35 * sin(0.5 * AGE) + 0.15 * cos(0.17 * TIME)) * 0.6",
    "alpha": "(0.45 * max(0, 1 - AGE / 60)) * pow(max(0, 1 - (DISTANCE_SQUARED / 289)), 2)",
    "roll": "max(0, ROLL + 0.002 + 0.005 * sin(0.15 * AGE))",
    "remove_condition": "DISTANCE_SQUARED >= 289"
  },
  "liquid_affinity": "non_liquids",
  "random_sprite": true,
  "has_physics": false,
  "kill_on_contact": false,
  "exclusion_radius": 4,
  "offset": [0, 0, 0],
  "render_type": "additive_translucent",
  "rotation_mode": "movement_aligned"
}
