{
	"parent": "builtin/generated",
	"textures": {
		"layer0": "mca:item/scythe"
	},
	"gui_light": "front",
	"display": {
      "ground": {
          "rotation": [ 0, 0, 0 ],
          "translation": [ 0, 2, 0],
          "scale":[ 1.0, 1.0, 1.0 ]
      },
      "thirdperson_righthand": {
          "rotation": [ 0, 90, 55 ],
          "translation": [ 0, 4.0, 3.0 ],
          "scale": [ 1.7, 1.7, 0.85 ]
      },
      "thirdperson_lefthand": {
          "rotation": [ 0, -90, -55 ],
          "translation": [ 0, 4.0, 3.0 ],
          "scale": [ 1.7, 1.7, 0.85 ]
      },
      "firstperson_righthand": {
          "rotation": [ 0, 90, 0 ],
          "translation": [ 2.0, 3.2, 2.0 ],
          "scale": [ 1.36, 1.36, 0.68 ]
      },
      "firstperson_lefthand": {
          "rotation": [ 0, -90, -0 ],
          "translation": [ 1.13, 3.2, 1.13 ],
          "scale": [ 1.36, 1.36, 0.68 ]
      }
	}
}
