{
  "targets": [
    "swap",
    "blur"
  ],
  "passes": [
    {
      "name": "mca:blur_centered",
      "intarget": "minecraft:main",
      "outtarget": "swap",
      "uniforms": [
        {
          "name": "BlurDir",
          "values": [ 1.0, 0.0 ]
        },
        {
          "name": "Radius",
          "values": [ 100.0 ]
        }
      ]
    },
    {
      "name": "mca:blur_centered",
      "intarget": "swap",
      "outtarget": "blur",
      "uniforms": [
        {
          "name": "BlurDir",
          "values": [ 0.0, 1.0 ]
        },
        {
          "name": "Radius",
          "values": [ 100.0 ]
        }
      ]
    },
    {
      "name": "blit",
      "intarget": "blur",
      "outtarget": "minecraft:main",
      "uniforms": [
        {
          "name": "ColorModulate",
          "values": [ 1.0, 0.5, 0.5, 1.0 ]
        }
      ]
    }
  ]
}
