{
  "targets": ["minecraft:mangrove_swamp"],
	"fog_color": 10927255,
	"sky_color": 13358773,
  	"water_color": 4606244,
    "water_fog_color": 5065024,
  	"grass_color": 5600062,
  	"foliage_color": 6777379,
    "fog_radius": 1.02,
    "fog_fade": "max(0.0,((DAY_TIME%24000>=22500)*1.0*(DAY_TIME%24000<24000)*1.0*11.50)+((DAY_TIME%24000>=0)*1.0*(DAY_TIME%24000<=5000)*1.0*9.90)+((DAY_TIME%24000>5000)*1.0*(DAY_TIME%24000<=10000)*1.0*8.70)+((DAY_TIME%24000>10000)*1.0*(DAY_TIME%24000<=12700)*1.0*8.10)+((DAY_TIME%24000>12700)*1.0*(DAY_TIME%24000<=13800)*1.0*10.30)+((DAY_TIME%24000>13800)*1.0*(DAY_TIME%24000<22500)*1.0*8.00)+((RAIN>0.7)*1.0*4.00)+((RAIN>0)*(1-(RAIN>0.7))*1.0*2.00))"
}