{
  "targets": ["minecraft:sparse_jungle"],
	"fog_color": 14012063,
	"sky_color": 15458511,
  	"water_color": 3566461,
    "water_fog_color": 3566461,
  	"grass_color": 6786876,
  	"foliage_color": 6656285,
    "fog_radius": 1.02,
    "fog_fade": "max(0.0,((DAY_TIME%24000>=22500)*1.0*(DAY_TIME%24000<24000)*1.0*12.10)+((DAY_TIME%24000>=0)*1.0*(DAY_TIME%24000<=5000)*1.0*9.90)+((DAY_TIME%24000>5000)*1.0*(DAY_TIME%24000<=10000)*1.0*7.70)+((DAY_TIME%24000>10000)*1.0*(DAY_TIME%24000<=12700)*1.0*8.10)+((DAY_TIME%24000>12700)*1.0*(DAY_TIME%24000<=13800)*1.0*10.40)+((DAY_TIME%24000>13800)*1.0*(DAY_TIME%24000<22500)*1.0*7.00)+((RAIN>0.7)*1.0*4.00)+((RAIN>0)*(1-(RAIN>0.7))*1.0*2.00))"
}